Pathway,Pathway_Hits,Disease_Hits,Disease_Pathway_Hits,Literature_Odds_Ratio,P_Value,FDR
TNF SIGNALING PATHWAY,1310,5269,1,5.893399936077143,0.15619129063655074,1.0
CYTOKINE-CYTOKINE RECEPTOR INTERACTION,1848,5269,1,4.176696475517565,0.2130399515550524,1.0
NICOTINE ADDICTION,2554,5269,1,3.0216311686550372,0.2818721679012142,1.0
AMOEBIASIS,2564,5269,1,3.009840997004566,0.28280259684638914,1.0
FERROPTOSIS,27870,5269,6,1.6616588872343172,0.15756943255631456,1.0
MAPK SIGNALING PATHWAY,9283,5269,1,0.8309574486882539,0.699880235520361,1.0
RHEUMATOID ARTHRITIS,141672,5269,1,0.05426527834949194,0.9999999897732658,1.0
